Origen, Destino
Papua New Guinea,Australia
Papua New Guinea,Philippines
Papua New Guinea,Indonesia
Papua New Guinea,Solomon Islands
Papua New Guinea,Hong Kong
Papua New Guinea,Fiji
Papua New Guinea,Japan
Papua New Guinea,Singapore
Papua New Guinea,China
Papua New Guinea,Micronesia
Greenland,Denmark
Greenland,Iceland
Iceland,Finland
Iceland,Norway
Iceland,Netherlands
Iceland,Sweden
Iceland,Denmark
Iceland,United States
Iceland,Belgium
Iceland,France
Iceland,Germany
Iceland,United Kingdom
Iceland,Canada
Iceland,Switzerland
Iceland,Spain
Iceland,Ireland
Iceland,Faroe Islands
Iceland,Hungary
Iceland,Poland
Iceland,Latvia
Iceland,Austria
Iceland,Lithuania
Iceland,Czech Republic
Canada,China
Canada,Belgium
Canada,Jordan
Canada,United States
Canada,United Kingdom
Canada,Japan
Canada,Antigua and Barbuda
Canada,Aruba
Canada,United Arab Emirates
Canada,Dominican Republic
Canada,Spain
Canada,Bermuda
Canada,Barbados
Canada,Colombia
Canada,Cuba
Canada,France
Canada,Denmark
Canada,Mexico
Canada,Ireland
Canada,Italy
Canada,Martinique
Canada,Germany
Canada,Cayman Islands
Canada,Bahamas
Canada,Grenada
Canada,Brazil
Canada,Switzerland
Canada,Hong Kong
Canada,South Korea
Canada,Turkey
Canada,Jamaica
Canada,Peru
Canada,Costa Rica
Canada,Haiti
Canada,Turks and Caicos Islands
Canada,Guadeloupe
Canada,Chile
Canada,Australia
Canada,Israel
Canada,Saint Lucia
Canada,Austria
Canada,Poland
Canada,New Zealand
Canada,Algeria
Canada,Morocco
Canada,El Salvador
Canada,Taiwan
Canada,Guyana
Canada,Trinidad and Tobago
Canada,Panama
Canada,Netherlands
Canada,Ethiopia
Canada,Tunisia
Canada,Egypt
Canada,Saint Pierre and Miquelon
Canada,Pakistan
Canada,Philippines
Canada,Qatar
Canada,Portugal
Canada,Russia
Canada,Saudi Arabia
Canada,Greece
Canada,Puerto Rico
Canada,Netherlands Antilles
Canada,India
Canada,Ukraine
Canada,Belize
Canada,Argentina
Canada,Saint Kitts and Nevis
Canada,Hungary
Canada,Croatia
Algeria,Germany
Algeria,France
Algeria,Turkey
Algeria,Cote d'Ivoire
Algeria,Spain
Algeria,Jordan
Algeria,Lebanon
Algeria,Mali
Algeria,Belgium
Algeria,Egypt
Algeria,Morocco
Algeria,Senegal
Algeria,United Arab Emirates
Algeria,Italy
Algeria,Switzerland
Algeria,United Kingdom
Algeria,Portugal
Algeria,Niger
Algeria,Burkina Faso
Algeria,China
Algeria,Russia
Algeria,Libya
Algeria,Tunisia
Algeria,Austria
Algeria,Malta
Algeria,Qatar
Algeria,Saudi Arabia
Algeria,Mauritania
Benin,Togo
Benin,Burkina Faso
Benin,Belgium
Benin,Cote d'Ivoire
Benin,France
Benin,Morocco
Benin,Nigeria
Benin,Equatorial Guinea
Benin,Mali
Benin,Gabon
Benin,Senegal
Benin,Cameroon
Benin,Ethiopia
Benin,Niger
Benin,Ghana
Benin,Kenya
Benin,Congo (Brazzaville)
Benin,Turkey
Benin,Tunisia
Burkina Faso,Cote d'Ivoire
Burkina Faso,Ghana
Burkina Faso,Mali
Burkina Faso,Senegal
Burkina Faso,Togo
Burkina Faso,Niger
Burkina Faso,Belgium
Burkina Faso,France
Burkina Faso,Morocco
Burkina Faso,Ethiopia
Burkina Faso,Turkey
Burkina Faso,Tunisia
Burkina Faso,Guinea
Burkina Faso,Sierra Leone
Burkina Faso,Nigeria
Ghana,Senegal
Ghana,Nigeria
Ghana,Liberia
Ghana,United Kingdom
Ghana,Morocco
Ghana,Togo
Ghana,Italy
Ghana,United States
Ghana,Cote d'Ivoire
Ghana,Sierra Leone
Ghana,United Arab Emirates
Ghana,Ethiopia
Ghana,Spain
Ghana,Netherlands
Ghana,Kenya
Ghana,Germany
Ghana,Lebanon
Ghana,Egypt
Ghana,South Africa
Ghana,Namibia
Ghana,Turkey
Ghana,Portugal
Ghana,France
Ghana,Gambia
Ghana,Belgium
Ghana,Sao Tome and Principe
Ghana,Equatorial Guinea
Cote d'Ivoire,Mali
Cote d'Ivoire,Belgium
Cote d'Ivoire,France
Cote d'Ivoire,Morocco
Cote d'Ivoire,Senegal
Cote d'Ivoire,Sierra Leone
Cote d'Ivoire,Liberia
Cote d'Ivoire,Guinea
Cote d'Ivoire,Togo
Cote d'Ivoire,Nigeria
Cote d'Ivoire,Cameroon
Cote d'Ivoire,Gabon
Cote d'Ivoire,Kenya
Cote d'Ivoire,Turkey
Cote d'Ivoire,Tunisia
Cote d'Ivoire,Equatorial Guinea
Cote d'Ivoire,United States
Cote d'Ivoire,Ethiopia
Cote d'Ivoire,Congo (Kinshasa)
Cote d'Ivoire,Niger
Cote d'Ivoire,Congo (Brazzaville)
Cote d'Ivoire,Lebanon
Cote d'Ivoire,Portugal
Nigeria,Senegal
Nigeria,Cameroon
Nigeria,Liberia
Nigeria,France
Nigeria,Morocco
Nigeria,Italy
Nigeria,United Kingdom
Nigeria,Mali
Nigeria,Gabon
Nigeria,Equatorial Guinea
Nigeria,United States
Nigeria,United Arab Emirates
Nigeria,Ethiopia
Nigeria,Togo
Nigeria,Chad
Nigeria,Niger
Nigeria,Spain
Nigeria,Netherlands
Nigeria,Kenya
Nigeria,Germany
Nigeria,Lebanon
Nigeria,Egypt
Nigeria,Qatar
Nigeria,Jordan
Nigeria,South Africa
Nigeria,Sudan
Nigeria,Saudi Arabia
Nigeria,Turkey
Nigeria,Sierra Leone
Nigeria,Rwanda
Nigeria,Angola
Nigeria,Namibia
Nigeria,Cape Verde
Nigeria,Uganda
Nigeria,Brazil
Nigeria,Belgium
Niger,France
Niger,Morocco
Niger,Ethiopia
Niger,Chad
Niger,Turkey
Niger,Libya
Niger,Togo
Niger,Mali
Niger,Tunisia
Tunisia,Germany
Tunisia,Libya
Tunisia,France
Tunisia,Morocco
Tunisia,Italy
Tunisia,Russia
Tunisia,United Arab Emirates
Tunisia,Belgium
Tunisia,Malta
Tunisia,Netherlands
Tunisia,Luxembourg
Tunisia,Lebanon
Tunisia,Egypt
Tunisia,Qatar
Tunisia,Jordan
Tunisia,Saudi Arabia
Tunisia,United Kingdom
Tunisia,Turkey
Tunisia,Spain
Tunisia,Serbia
Tunisia,Mali
Tunisia,Switzerland
Tunisia,Senegal
Tunisia,Kuwait
Tunisia,Portugal
Tunisia,Mauritania
Tunisia,Austria
Tunisia,Guinea
Tunisia,Czech Republic
Togo,France
Togo,Morocco
Togo,Ethiopia
Togo,Mali
Togo,Guinea
Togo,Cameroon
Togo,Brazil
Togo,Gabon
Togo,Belgium
Togo,Equatorial Guinea
Togo,United States
Togo,Senegal
Togo,Congo (Kinshasa)
Belgium,Morocco
Belgium,Germany
Belgium,India
Belgium,United States
Belgium,Greece
Belgium,France
Belgium,United Kingdom
Belgium,Burundi
Belgium,Senegal
Belgium,Cameroon
Belgium,Rwanda
Belgium,Angola
Belgium,Uganda
Belgium,Congo (Kinshasa)
Belgium,Kenya
Belgium,Spain
Belgium,Finland
Belgium,Portugal
Belgium,Italy
Belgium,Denmark
Belgium,United Arab Emirates
Belgium,Latvia
Belgium,Lithuania
Belgium,Ireland
Belgium,Bulgaria
Belgium,Slovakia
Belgium,Hungary
Belgium,Poland
Belgium,Sweden
Belgium,Cyprus
Belgium,Croatia
Belgium,Norway
Belgium,Montenegro
Belgium,Turkey
Belgium,Switzerland
Belgium,China
Belgium,Slovenia
Belgium,Serbia
Belgium,Netherlands
Belgium,Malta
Belgium,Sierra Leone
Belgium,Liberia
Belgium,Israel
Belgium,Lebanon
Belgium,Egypt
Belgium,Czech Republic
Belgium,Austria
Belgium,Estonia
Belgium,Ukraine
Belgium,Qatar
Belgium,Romania
Belgium,Thailand
Belgium,Russia
Belgium,Macedonia
Belgium,Georgia
Belgium,Belarus
Belgium,Hong Kong
Belgium,Ethiopia
Belgium,Jordan
Belgium,Bosnia and Herzegovina
Belgium,Martinique
Belgium,Guadeloupe
Belgium,Japan
Belgium,Iran
Belgium,Mexico
Belgium,Jamaica
Belgium,Dominican Republic
Belgium,Cape Verde
Belgium,Albania
Belgium,Cuba
Belgium,Moldova
Belgium,Panama
Belgium,Saudi Arabia
Belgium,Gambia
Belgium,Brazil
Belgium,South Africa
Belgium,South Korea
Germany,Switzerland
Germany,Italy
Germany,Croatia
Germany,Morocco
Germany,Spain
Germany,Netherlands
Germany,Sweden
Germany,Greece
Germany,Turkey
Germany,Serbia
Germany,Norway
Germany,United Kingdom
Germany,France
Germany,Hungary
Germany,Ireland
Germany,Portugal
Germany,Austria
Germany,Czech Republic
Germany,Bosnia and Herzegovina
Germany,Israel
Germany,Poland
Germany,Finland
Germany,Moldova
Germany,United Arab Emirates
Germany,United States
Germany,Malaysia
Germany,Jordan
Germany,Egypt
Germany,Denmark
Germany,Mexico
Germany,Netherlands Antilles
Germany,Russia
Germany,Guernsey
Germany,Jersey
Germany,Dominican Republic
Germany,Latvia
Germany,Cuba
Germany,Romania
Germany,China
Germany,Bulgaria
Germany,Qatar
Germany,Saudi Arabia
Germany,Cyprus
Germany,Lithuania
Germany,India
Germany,Colombia
Germany,Vietnam
Germany,Belarus
Germany,Taiwan
Germany,Hong Kong
Germany,Antigua and Barbuda
Germany,Barbados
Germany,Kenya
Germany,Jamaica
Germany,Maldives
Germany,Mauritius
Germany,Brazil
Germany,Seychelles
Germany,Puerto Rico
Germany,Trinidad and Tobago
Germany,Tanzania
Germany,Ethiopia
Germany,Estonia
Germany,Bahrain
Germany,Luxembourg
Germany,Uzbekistan
Germany,Iran
Germany,Azerbaijan
Germany,Japan
Germany,Slovenia
Germany,Albania
Germany,Kazakhstan
Germany,South Korea
Germany,Malta
Germany,Kuwait
Germany,Lebanon
Germany,Thailand
Germany,Venezuela
Germany,Ukraine
Germany,Iraq
Germany,Argentina
Germany,South Africa
Germany,Angola
Germany,Singapore
Germany,Georgia
Germany,Macedonia
Germany,Namibia
Germany,Tajikistan
Germany,Turkmenistan
Germany,Sri Lanka
Germany,Oman
Germany,Cape Verde
Germany,Montenegro
Germany,Panama
Germany,Costa Rica
Germany,Equatorial Guinea
Germany,Philippines
Germany,Senegal
Germany,Slovakia
Estonia,Finland
Estonia,Latvia
Estonia,Norway
Estonia,Italy
Estonia,Spain
Estonia,United Kingdom
Estonia,Netherlands
Estonia,Poland
Estonia,Lithuania
Estonia,Sweden
Estonia,Denmark
Estonia,Ukraine
Estonia,Russia
Estonia,France
Estonia,Croatia
Estonia,Turkey
Estonia,Greece
Estonia,Austria
Estonia,Malta
Estonia,Cyprus
Finland,Sweden
Finland,United States
Finland,United Kingdom
Finland,Austria
Finland,Switzerland
Finland,France
Finland,Spain
Finland,Netherlands
Finland,Turkey
Finland,Thailand
Finland,Hungary
Finland,China
Finland,Denmark
Finland,Croatia
Finland,India
Finland,Russia
Finland,Italy
Finland,Hong Kong
Finland,South Korea
Finland,Japan
Finland,Poland
Finland,Portugal
Finland,Slovenia
Finland,Belarus
Finland,Norway
Finland,Czech Republic
Finland,Latvia
Finland,Singapore
Finland,Israel
Finland,Lithuania
Finland,Greece
Finland,Bulgaria
Finland,Ireland
Finland,Ukraine
Finland,Romania
Finland,United Arab Emirates
Finland,Serbia
Finland,Qatar
Finland,Cuba
Finland,Dominican Republic
Finland,Vietnam
Finland,Egypt
United Kingdom,Switzerland
United Kingdom,Sierra Leone
United Kingdom,Morocco
United Kingdom,Moldova
United Kingdom,India
United Kingdom,Greece
United Kingdom,Spain
United Kingdom,Netherlands
United Kingdom,Sweden
United Kingdom,United States
United Kingdom,United Arab Emirates
United Kingdom,Bahrain
United Kingdom,Norway
United Kingdom,Italy
United Kingdom,France
United Kingdom,Hungary
United Kingdom,Denmark
United Kingdom,South Africa
United Kingdom,Ireland
United Kingdom,Uganda
United Kingdom,Gibraltar
United Kingdom,Turkey
United Kingdom,Malaysia
United Kingdom,Kuwait
United Kingdom,Cyprus
United Kingdom,Portugal
United Kingdom,Luxembourg
United Kingdom,Kenya
United Kingdom,Romania
United Kingdom,Czech Republic
United Kingdom,Bulgaria
United Kingdom,Austria
United Kingdom,Poland
United Kingdom,Croatia
United Kingdom,Jersey
United Kingdom,Mexico
United Kingdom,Belarus
United Kingdom,Kazakhstan
United Kingdom,Jordan
United Kingdom,Antigua and Barbuda
United Kingdom,Bermuda
United Kingdom,Lebanon
United Kingdom,Barbados
United Kingdom,Thailand
United Kingdom,Egypt
United Kingdom,China
United Kingdom,Russia
United Kingdom,Argentina
United Kingdom,Brazil
United Kingdom,Azerbaijan
United Kingdom,Hong Kong
United Kingdom,Japan
United Kingdom,South Korea
United Kingdom,Isle of Man
United Kingdom,Saudi Arabia
United Kingdom,Ukraine
United Kingdom,Jamaica
United Kingdom,Angola
United Kingdom,Malta
United Kingdom,Maldives
United Kingdom,Mauritius
United Kingdom,Albania
United Kingdom,Saint Lucia
United Kingdom,Bahamas
United Kingdom,Singapore
United Kingdom,Libya
United Kingdom,Israel
United Kingdom,Guernsey
United Kingdom,Bangladesh
United Kingdom,Latvia
United Kingdom,Trinidad and Tobago
United Kingdom,Ethiopia
United Kingdom,Serbia
United Kingdom,Slovakia
United Kingdom,Lithuania
United Kingdom,Montenegro
United Kingdom,Uzbekistan
United Kingdom,Iran
United Kingdom,Pakistan
United Kingdom,Philippines
United Kingdom,Qatar
United Kingdom,Turkmenistan
United Kingdom,Cuba
United Kingdom,Cape Verde
United Kingdom,Dominican Republic
United Kingdom,Slovenia
United Kingdom,Sri Lanka
United Kingdom,Macedonia
United Kingdom,Oman
United Kingdom,Georgia
United Kingdom,Colombia
United Kingdom,Costa Rica
United Kingdom,Chile
United Kingdom,Seychelles
United Kingdom,Brunei
United Kingdom,Taiwan
United Kingdom,Indonesia
United Kingdom,Iraq
United Kingdom,Australia
United Kingdom,Faroe Islands
United Kingdom,Saint Helena
United Kingdom,Namibia
United Kingdom,Vietnam
Guernsey,Jersey
Guernsey,France
Guernsey,Netherlands
Jersey,Ireland
Jersey,Netherlands
Jersey,France
Jersey,Switzerland
Isle of Man,Ireland
Falkland Islands,Chile
Falkland Islands,Argentina
Falkland Islands,Brazil
Netherlands,Morocco
Netherlands,France
Netherlands,Georgia
Netherlands,United States
Netherlands,Denmark
Netherlands,United Arab Emirates
Netherlands,Saudi Arabia
Netherlands,Qatar
Netherlands,Zimbabwe
Netherlands,Tanzania
Netherlands,Rwanda
Netherlands,Malaysia
Netherlands,Kuwait
Netherlands,Taiwan
Netherlands,Ecuador
Netherlands,Uganda
Netherlands,Zambia
Netherlands,Italy
Netherlands,Portugal
Netherlands,Norway
Netherlands,Sweden
Netherlands,South Africa
Netherlands,Peru
Netherlands,Kenya
Netherlands,Panama
Netherlands,Belarus
Netherlands,Thailand
Netherlands,Latvia
Netherlands,Hong Kong
Netherlands,Cyprus
Netherlands,China
Netherlands,India
Netherlands,Ireland
Netherlands,Serbia
Netherlands,Bulgaria
Netherlands,Spain
Netherlands,Greece
Netherlands,Poland
Netherlands,Malta
Netherlands,Turkey
Netherlands,Iraq
Netherlands,Austria
Netherlands,Israel
Netherlands,Hungary
Netherlands,Czech Republic
Netherlands,Croatia
Netherlands,Cape Verde
Netherlands,Iran
Netherlands,Slovenia
Netherlands,Kazakhstan
Netherlands,South Korea
Netherlands,Aruba
Netherlands,Egypt
Netherlands,Netherlands Antilles
Netherlands,Argentina
Netherlands,Japan
Netherlands,Brazil
Netherlands,Switzerland
Netherlands,Cuba
Netherlands,Ukraine
Netherlands,Angola
Netherlands,Russia
Netherlands,Luxembourg
Netherlands,Mexico
Netherlands,Romania
Netherlands,Suriname
Netherlands,Singapore
Netherlands,Dominican Republic
Netherlands,Jamaica
Netherlands,Jordan
Netherlands,Macedonia
Netherlands,Lithuania
Netherlands,Slovakia
Netherlands,Indonesia
Netherlands,Lebanon
Netherlands,Albania
Netherlands,Colombia
Netherlands,Bosnia and Herzegovina
Netherlands,Oman
Netherlands,Costa Rica
Netherlands,Chile
Ireland,Moldova
Ireland,United States
Ireland,France
Ireland,Denmark
Ireland,Norway
Ireland,Spain
Ireland,Turkey
Ireland,Sweden
Ireland,Greece
Ireland,United Arab Emirates
Ireland,Italy
Ireland,Bulgaria
Ireland,Hungary
Ireland,Croatia
Ireland,Portugal
Ireland,Switzerland
Ireland,Czech Republic
Ireland,Austria
Ireland,Poland
Ireland,Slovakia
Ireland,Lithuania
Ireland,Malta
Ireland,Romania
Ireland,Morocco
Ireland,Latvia
Ireland,Luxembourg
Ireland,Hong Kong
Ireland,Ethiopia
Ireland,Ukraine
Ireland,Cyprus
Ireland,China
Ireland,Qatar
Ireland,Russia
Denmark,Greece
Denmark,Spain
Denmark,Austria
Denmark,Norway
Denmark,Lithuania
Denmark,Poland
Denmark,France
Denmark,Italy
Denmark,Morocco
Denmark,Sweden
Denmark,Switzerland
Denmark,Latvia
Denmark,China
Denmark,Bulgaria
Denmark,Hungary
Denmark,Portugal
Denmark,United States
Denmark,Malta
Denmark,Czech Republic
Denmark,Croatia
Denmark,Israel
Denmark,United Arab Emirates
Denmark,Bosnia and Herzegovina
Denmark,Slovenia
Denmark,Serbia
Denmark,Luxembourg
Denmark,Egypt
Denmark,Turkey
Denmark,Pakistan
Denmark,Qatar
Denmark,Faroe Islands
Denmark,Thailand
Denmark,Russia
Denmark,Japan
Denmark,Romania
Denmark,Singapore
Denmark,India
Denmark,Jordan
Denmark,Cyprus
Denmark,Iraq
Denmark,Lebanon
Denmark,Ukraine
Denmark,Hong Kong
Denmark,Moldova
Denmark,Macedonia
Denmark,Saudi Arabia
Faroe Islands,Norway
Luxembourg,France
Luxembourg,Italy
Luxembourg,Spain
Luxembourg,Turkey
Luxembourg,Morocco
Luxembourg,Sweden
Luxembourg,Greece
Luxembourg,Croatia
Luxembourg,Portugal
Luxembourg,Switzerland
Luxembourg,Cape Verde
Luxembourg,Malta
Luxembourg,Bulgaria
Luxembourg,Austria
Luxembourg,Poland
Luxembourg,Qatar
Luxembourg,Brazil
Luxembourg,United States
Luxembourg,United Arab Emirates
Luxembourg,India
Norway,Sweden
Norway,Russia
Norway,Greece
Norway,France
Norway,Latvia
Norway,Spain
Norway,Turkey
Norway,Serbia
Norway,Croatia
Norway,Italy
Norway,United States
Norway,Poland
Norway,Czech Republic
Norway,Thailand
Norway,Bulgaria
Norway,Slovakia
Norway,Hungary
Norway,Portugal
Norway,Switzerland
Norway,Ukraine
Norway,Cyprus
Norway,Malta
Norway,Lithuania
Norway,Morocco
Norway,Austria
Norway,Pakistan
Norway,Qatar
Norway,Romania
Norway,Israel
Norway,United Arab Emirates
Norway,Macedonia
Norway,South Korea
Poland,Greece
Poland,France
Poland,Italy
Poland,Belarus
Poland,Latvia
Poland,China
Poland,Spain
Poland,Sweden
Poland,United Arab Emirates
Poland,Bulgaria
Poland,Malta
Poland,Cyprus
Poland,Slovenia
Poland,Serbia
Poland,Croatia
Poland,Switzerland
Poland,Hungary
Poland,Armenia
Poland,Turkey
Poland,United States
Poland,Ukraine
Poland,Austria
Poland,Russia
Poland,Portugal
Poland,Romania
Poland,Czech Republic
Poland,Georgia
Poland,Israel
Poland,Lithuania
Poland,Qatar
Poland,Jordan
Poland,Montenegro
Poland,Lebanon
Poland,India
Poland,South Korea
Poland,Moldova
Poland,Slovakia
Poland,Japan
Poland,Singapore
Poland,Macedonia
Poland,Kazakhstan
Poland,Egypt
Poland,Morocco
Poland,Albania
Poland,Cuba
Poland,Mexico
Poland,Dominican Republic
Sweden,Greece
Sweden,France
Sweden,Austria
Sweden,Morocco
Sweden,Belarus
Sweden,Latvia
Sweden,Switzerland
Sweden,China
Sweden,Spain
Sweden,Serbia
Sweden,Thailand
Sweden,Hungary
Sweden,Italy
Sweden,Croatia
Sweden,Portugal
Sweden,United States
Sweden,Cyprus
Sweden,Czech Republic
Sweden,Bosnia and Herzegovina
Sweden,Israel
Sweden,Lithuania
Sweden,United Arab Emirates
Sweden,Iran
Sweden,Ethiopia
Sweden,Malta
Sweden,Turkey
Sweden,Qatar
Sweden,Russia
Sweden,Iraq
Sweden,Macedonia
Sweden,Romania
Sweden,India
Sweden,Ukraine
Sweden,Montenegro
Sweden,South Korea
Sweden,Egypt
South Africa,India
South Africa,France
South Africa,United Arab Emirates
South Africa,United States
South Africa,Zimbabwe
South Africa,Zambia
South Africa,Mauritius
South Africa,Namibia
South Africa,Botswana
South Africa,Congo (Kinshasa)
South Africa,China
South Africa,Hong Kong
South Africa,Angola
South Africa,Ethiopia
South Africa,Malawi
South Africa,Seychelles
South Africa,Tanzania
South Africa,Brazil
South Africa,Kenya
South Africa,Switzerland
South Africa,Israel
South Africa,Madagascar
South Africa,Egypt
South Africa,Singapore
South Africa,Australia
South Africa,Qatar
South Africa,Mozambique
South Africa,Thailand
South Africa,Congo (Brazzaville)
South Africa,Senegal
South Africa,Uganda
South Africa,Rwanda
South Africa,Gabon
South Africa,Lesotho
South Africa,Swaziland
South Africa,Saudi Arabia
South Africa,Turkey
South Africa,Reunion
South Africa,Italy
South Africa,Spain
South Africa,Austria
Botswana,Zimbabwe
Botswana,Zambia
Botswana,Kenya
Botswana,Namibia
Botswana,Ethiopia
Congo (Brazzaville),France
Congo (Brazzaville),Morocco
Congo (Brazzaville),Congo (Kinshasa)
Congo (Brazzaville),Angola
Congo (Brazzaville),Gabon
Congo (Brazzaville),Ethiopia
Congo (Brazzaville),Cameroon
Congo (Brazzaville),Kenya
Congo (Brazzaville),Rwanda
Congo (Brazzaville),Equatorial Guinea
Congo (Brazzaville),Turkey
Congo (Kinshasa),Cameroon
Congo (Kinshasa),Angola
Congo (Kinshasa),France
Congo (Kinshasa),Morocco
Congo (Kinshasa),Ethiopia
Congo (Kinshasa),Zambia
Congo (Kinshasa),Gabon
Congo (Kinshasa),Kenya
Congo (Kinshasa),Turkey
Congo (Kinshasa),Burundi
Congo (Kinshasa),Uganda
Congo (Kinshasa),Chad
Congo (Kinshasa),Rwanda
Congo (Kinshasa),Malawi
Central African Republic,Cameroon
Central African Republic,France
Central African Republic,Morocco
Central African Republic,Chad
Central African Republic,Kenya
Central African Republic,Uganda
Equatorial Guinea,Cameroon
Equatorial Guinea,Morocco
Equatorial Guinea,Gabon
Equatorial Guinea,Ethiopia
Equatorial Guinea,Spain
Equatorial Guinea,Sao Tome and Principe
Equatorial Guinea,France
Mauritius,France
Mauritius,Reunion
Mauritius,India
Mauritius,United Arab Emirates
Mauritius,Seychelles
Mauritius,Italy
Mauritius,Kenya
Mauritius,Madagascar
Mauritius,Malaysia
Mauritius,Hong Kong
Mauritius,China
Mauritius,Australia
Mauritius,Russia
Mauritius,Tanzania
Mauritius,Switzerland
Mauritius,Singapore
Mauritius,Saudi Arabia
Mauritius,Turkey
Mauritius,Austria
Cameroon,Senegal
Cameroon,France
Cameroon,Morocco
Cameroon,Ethiopia
Cameroon,Chad
Cameroon,Gabon
Cameroon,Kenya
Cameroon,Turkey
Cameroon,Rwanda
Cameroon,Mali
Cameroon,Egypt
Zambia,Zimbabwe
Zambia,Malawi
Zambia,Kenya
Zambia,Angola
Zambia,United Arab Emirates
Zambia,Ethiopia
Zambia,Namibia
Zambia,Tanzania
Zambia,Turkey
Zambia,Rwanda
Comoros,Mayotte
Comoros,Kenya
Comoros,Djibouti
Comoros,Madagascar
Comoros,Tanzania
Comoros,Reunion
Comoros,Ethiopia
Mayotte,Kenya
Mayotte,Madagascar
Mayotte,Reunion
Mayotte,France
Mayotte,Tanzania
Mayotte,Mozambique
Reunion,France
Reunion,Madagascar
Reunion,India
Reunion,China
Reunion,Thailand
Reunion,Seychelles
Reunion,Djibouti
Madagascar,France
Madagascar,Kenya
Madagascar,Thailand
Madagascar,Ethiopia
Angola,France
Angola,Morocco
Angola,United Arab Emirates
Angola,Brazil
Angola,Cuba
Angola,Zimbabwe
Angola,Portugal
Angola,China
Angola,Sao Tome and Principe
Angola,Namibia
Angola,Ethiopia
Angola,Spain
Angola,Kenya
Angola,Mozambique
Angola,Gabon
Angola,Qatar
Gabon,France
Gabon,Morocco
Gabon,Ethiopia
Gabon,Turkey
Gabon,Rwanda
Gabon,Sao Tome and Principe
Gabon,Mali
Sao Tome and Principe,Cape Verde
Sao Tome and Principe,Portugal
Mozambique,Ethiopia
Mozambique,Kenya
Mozambique,Tanzania
Mozambique,Portugal
Mozambique,Malawi
Mozambique,Qatar
Seychelles,United Arab Emirates
Seychelles,Kenya
Seychelles,Sri Lanka
Seychelles,Russia
Seychelles,France
Seychelles,Ethiopia
Seychelles,India
Seychelles,Qatar
Seychelles,Turkey
Seychelles,Switzerland
Chad,Saudi Arabia
Chad,France
Chad,Ethiopia
Chad,Sudan
Chad,Turkey
Chad,Morocco
Chad,Kenya
Chad,Egypt
Zimbabwe,Kenya
Zimbabwe,Ethiopia
Zimbabwe,Malawi
Zimbabwe,Tanzania
Zimbabwe,Namibia
Zimbabwe,Rwanda
Malawi,Kenya
Malawi,Ethiopia
Malawi,Tanzania
Mali,Senegal
Mali,France
Mali,Morocco
Mali,Guinea
Mali,Ethiopia
Mali,Kenya
Mali,Mauritania
Mali,Portugal
Mali,Turkey
Gambia,Spain
Gambia,Senegal
Gambia,Sierra Leone
Gambia,Morocco
Gambia,Guinea-Bissau
Gambia,Cape Verde
Gambia,Liberia
Gambia,Turkey
Gambia,Guinea
Gambia,Portugal
Spain,Switzerland
Spain,Morocco
Spain,Latvia
Spain,Greece
Spain,United States
Spain,Senegal
Spain,Austria
Spain,France
Spain,Portugal
Spain,Mexico
Spain,Argentina
Spain,Colombia
Spain,Italy
Spain,Belarus
Spain,El Salvador
Spain,Brazil
Spain,China
Spain,Cuba
Spain,Qatar
Spain,Dominican Republic
Spain,United Arab Emirates
Spain,Bulgaria
Spain,Slovakia
Spain,Lithuania
Spain,Hungary
Spain,Malta
Spain,Russia
Spain,Jordan
Spain,Croatia
Spain,Ukraine
Spain,Romania
Spain,Czech Republic
Spain,Israel
Spain,Venezuela
Spain,Ecuador
Spain,Peru
Spain,Mauritania
Spain,Guatemala
Spain,Panama
Spain,Chile
Spain,Costa Rica
Spain,South Korea
Spain,Libya
Spain,Egypt
Spain,Western Sahara
Spain,Cape Verde
Spain,Bolivia
Spain,Turkey
Spain,Pakistan
Spain,Singapore
Spain,Saudi Arabia
Spain,Thailand
Spain,Uruguay
Spain,Moldova
Spain,Georgia
Spain,India
Spain,Hong Kong
Spain,Ethiopia
Spain,Japan
Spain,Lebanon
Spain,Paraguay
Spain,Honduras
Spain,Puerto Rico
Spain,Iran
Spain,Macedonia
Spain,Bangladesh
Spain,Uzbekistan
Sierra Leone,Senegal
Sierra Leone,Liberia
Sierra Leone,France
Sierra Leone,Morocco
Sierra Leone,Guinea
Guinea-Bissau,Guinea
Guinea-Bissau,Senegal
Guinea-Bissau,Morocco
Guinea-Bissau,Cape Verde
Guinea-Bissau,Portugal
Liberia,France
Liberia,Morocco
Liberia,Guinea
Morocco,Italy
Morocco,France
Morocco,Turkey
Morocco,Libya
Morocco,Western Sahara
Morocco,United Arab Emirates
Morocco,Lebanon
Morocco,Egypt
Morocco,Guinea
Morocco,Senegal
Morocco,Brazil
Morocco,Switzerland
Morocco,Saudi Arabia
Morocco,United States
Morocco,Portugal
Morocco,Mauritania
Morocco,Cape Verde
Morocco,Russia
Morocco,Qatar
Morocco,Austria
Morocco,Greece
Morocco,Jordan
Morocco,Gibraltar
Morocco,Hungary
Morocco,Czech Republic
Morocco,Bahrain
Morocco,Malta
Morocco,Oman
Senegal,Guinea
Senegal,France
Senegal,United States
Senegal,Mauritania
Senegal,Cape Verde
Senegal,United Arab Emirates
Senegal,Italy
Senegal,Turkey
Senegal,Portugal
Senegal,Brazil
Mauritania,France
Mauritania,Guinea
Mauritania,Turkey
Guinea,France
Guinea,Portugal
Cape Verde,Portugal
Cape Verde,France
Cape Verde,United States
Cape Verde,Brazil
Cape Verde,Italy
Ethiopia,Saudi Arabia
Ethiopia,India
Ethiopia,China
Ethiopia,United Arab Emirates
Ethiopia,Lebanon
Ethiopia,Thailand
Ethiopia,Egypt
Ethiopia,France
Ethiopia,Tanzania
Ethiopia,Uganda
Ethiopia,Italy
Ethiopia,Somalia
Ethiopia,Hong Kong
Ethiopia,Djibouti
Ethiopia,South Sudan
Ethiopia,Rwanda
Ethiopia,Sudan
Ethiopia,Kuwait
Ethiopia,Kenya
Ethiopia,Oman
Ethiopia,Israel
Ethiopia,United States
Ethiopia,Bahrain
Ethiopia,Yemen
Ethiopia,Qatar
Ethiopia,Turkey
Ethiopia,Eritrea
Ethiopia,Burundi
Ethiopia,Russia
Ethiopia,Brazil
Ethiopia,South Korea
Ethiopia,Singapore
Ethiopia,Austria
Ethiopia,Namibia
Ethiopia,Greece
Ethiopia,Switzerland
Ethiopia,Philippines
Ethiopia,Indonesia
Ethiopia,Vietnam
Burundi,Kenya
Burundi,Rwanda
Burundi,Uganda
Burundi,Tanzania
Somalia,Djibouti
Somalia,Kenya
Somalia,United Arab Emirates
Somalia,Yemen
Somalia,Uganda
Egypt,Switzerland
Egypt,Israel
Egypt,France
Egypt,Libya
Egypt,Greece
Egypt,India
Egypt,Saudi Arabia
Egypt,Italy
Egypt,China
Egypt,Jordan
Egypt,Kuwait
Egypt,United Arab Emirates
Egypt,Cyprus
Egypt,Bahrain
Egypt,Austria
Egypt,Yemen
Egypt,Lebanon
Egypt,Thailand
Egypt,Eritrea
Egypt,Iraq
Egypt,Hungary
Egypt,Indonesia
Egypt,Tanzania
Egypt,Russia
Egypt,Qatar
Egypt,Uganda
Egypt,Turkey
Egypt,United States
Egypt,South Sudan
Egypt,Sudan
Egypt,Oman
Egypt,Kenya
Egypt,Kazakhstan
Egypt,Malta
Egypt,Japan
Egypt,Ukraine
Egypt,Romania
Egypt,Serbia
Egypt,Slovakia
Egypt,Czech Republic
Egypt,Armenia
Egypt,Georgia
Egypt,Lithuania
Egypt,Hong Kong
Egypt,Slovenia
Egypt,Rwanda
Kenya,South Sudan
Kenya,Tanzania
Kenya,India
Kenya,Rwanda
Kenya,France
Kenya,United Arab Emirates
Kenya,Thailand
Kenya,China
Kenya,Yemen
Kenya,South Korea
Kenya,Djibouti
Kenya,Uganda
Kenya,Saudi Arabia
Kenya,Sudan
Kenya,Switzerland
Kenya,Turkey
Kenya,Qatar
Kenya,Eritrea
Kenya,Italy
Kenya,United States
Kenya,Oman
Libya,Jordan
Libya,Turkey
Libya,Saudi Arabia
Libya,United Arab Emirates
Libya,Italy
Libya,Malta
Rwanda,Uganda
Rwanda,Turkey
Rwanda,Tanzania
Rwanda,United Arab Emirates
Rwanda,South Sudan
Rwanda,Qatar
Rwanda,India
Rwanda,Djibouti
Sudan,United Arab Emirates
Sudan,Bahrain
Sudan,Yemen
Sudan,Qatar
Sudan,Jordan
Sudan,Saudi Arabia
Sudan,South Sudan
Sudan,Turkey
Sudan,Eritrea
Sudan,Kuwait
Sudan,Syria
Sudan,Oman
South Sudan,United Arab Emirates
South Sudan,Uganda
South Sudan,Eritrea
Tanzania,United Arab Emirates
Tanzania,Uganda
Tanzania,Qatar
Tanzania,Turkey
Tanzania,Oman
Tanzania,Switzerland
Uganda,United Arab Emirates
Uganda,Qatar
Uganda,Turkey
Uganda,Eritrea
Uganda,Djibouti
Albania,Greece
Albania,Italy
Albania,Slovenia
Albania,Austria
Albania,Turkey
Albania,Serbia
Albania,Hungary
Albania,Czech Republic
Albania,France
Albania,Switzerland
Bulgaria,Greece
Bulgaria,France
Bulgaria,Italy
Bulgaria,Cyprus
Bulgaria,Russia
Bulgaria,Romania
Bulgaria,Czech Republic
Bulgaria,Israel
Bulgaria,Austria
Bulgaria,Switzerland
Bulgaria,Serbia
Bulgaria,Turkey
Bulgaria,United Arab Emirates
Bulgaria,Ukraine
Bulgaria,Iraq
Bulgaria,Qatar
Bulgaria,Hungary
Bulgaria,Slovakia
Bulgaria,Malta
Cyprus,Switzerland
Cyprus,Turkey
Cyprus,Moldova
Cyprus,Greece
Cyprus,Austria
Cyprus,France
Cyprus,Belarus
Cyprus,Latvia
Cyprus,United Arab Emirates
Cyprus,Lebanon
Cyprus,Romania
Cyprus,Russia
Cyprus,Israel
Cyprus,Malta
Cyprus,Lithuania
Cyprus,Bahrain
Cyprus,Serbia
Cyprus,Ukraine
Cyprus,Qatar
Cyprus,Jordan
Cyprus,Italy
Cyprus,Hungary
Cyprus,Czech Republic
Cyprus,Slovakia
Cyprus,Georgia
Croatia,France
Croatia,Switzerland
Croatia,Czech Republic
Croatia,Austria
Croatia,Greece
Croatia,Serbia
Croatia,Italy
Croatia,Turkey
Croatia,Bosnia and Herzegovina
Croatia,Macedonia
Croatia,Hungary
Croatia,Russia
Croatia,South Korea
Croatia,Qatar
Croatia,Portugal
Croatia,Israel
Croatia,Romania
France,Switzerland
France,Guadeloupe
France,Israel
France,Turkey
France,Moldova
France,Greece
France,Italy
France,Czech Republic
France,Georgia
France,United States
France,Malaysia
France,Austria
France,Jordan
France,United Arab Emirates
France,Serbia
France,Lebanon
France,Thailand
France,India
France,Colombia
France,Brazil
France,Hungary
France,China
France,French Guiana
France,Venezuela
France,Armenia
France,Argentina
France,Azerbaijan
France,Vietnam
France,Cuba
France,Hong Kong
France,Japan
France,South Korea
France,Saudi Arabia
France,Djibouti
France,Ukraine
France,Russia
France,Peru
France,Portugal
France,Slovenia
France,Mexico
France,Malta
France,Romania
France,Panama
France,Dominican Republic
France,Latvia
France,Chile
France,Singapore
France,Netherlands Antilles
France,Martinique
France,Belarus
France,Taiwan
France,Slovakia
France,Lithuania
France,Bahrain
France,Uzbekistan
France,Iran
France,Pakistan
France,Antigua and Barbuda
France,Qatar
France,Puerto Rico
France,Virgin Islands
France,Haiti
France,Sri Lanka
France,Oman
France,Montenegro
France,Costa Rica
France,Kazakhstan
France,Kuwait
France,Turkmenistan
France,Macedonia
France,Bosnia and Herzegovina
France,Ecuador
France,Maldives
Greece,Moldova
Greece,United Arab Emirates
Greece,Serbia
Greece,Hungary
Greece,Russia
Greece,Italy
Greece,Switzerland
Greece,Ukraine
Greece,Turkey
Greece,Romania
Greece,United States
Greece,Czech Republic
Greece,Georgia
Greece,Israel
Greece,Austria
Greece,Latvia
Greece,Qatar
Greece,Lithuania
Greece,Malta
Greece,Lebanon
Greece,Armenia
Greece,Jordan
Greece,Saudi Arabia
Greece,Portugal
Greece,Macedonia
Greece,China
Greece,Slovakia
Greece,Bahrain
Greece,Iraq
Greece,Singapore
Greece,Oman
Hungary,Italy
Hungary,Serbia
Hungary,Belarus
Hungary,Latvia
Hungary,Malta
Hungary,Switzerland
Hungary,Israel
Hungary,Czech Republic
Hungary,Austria
Hungary,Qatar
Hungary,Romania
Hungary,Russia
Hungary,Turkey
Hungary,Portugal
Hungary,United Arab Emirates
Hungary,Azerbaijan
Hungary,Ukraine
Hungary,China
Hungary,Jordan
Hungary,South Korea
Hungary,United States
Hungary,Georgia
Hungary,Bosnia and Herzegovina
Hungary,Macedonia
Hungary,Montenegro
Hungary,Kazakhstan
Hungary,Slovakia
Italy,Switzerland
Italy,Israel
Italy,Moldova
Italy,United States
Italy,Austria
Italy,Russia
Italy,Czech Republic
Italy,Argentina
Italy,Jordan
Italy,United Arab Emirates
Italy,Serbia
Italy,Lebanon
Italy,Romania
Italy,Portugal
Italy,Venezuela
Italy,Sri Lanka
Italy,India
Italy,Armenia
Italy,Brazil
Italy,Azerbaijan
Italy,South Korea
Italy,Iran
Italy,Turkey
Italy,Saudi Arabia
Italy,Ukraine
Italy,Japan
Italy,Kuwait
Italy,Malta
Italy,China
Italy,Latvia
Italy,Macedonia
Italy,Georgia
Italy,Montenegro
Italy,Belarus
Italy,Bangladesh
Italy,Mexico
Italy,Cuba
Italy,Dominican Republic
Italy,Qatar
Italy,Hong Kong
Italy,Slovakia
Italy,Lithuania
Italy,Uzbekistan
Italy,Bosnia and Herzegovina
Italy,Maldives
Italy,Pakistan
Italy,Singapore
Italy,Thailand
Italy,Oman
Italy,Chile
Italy,Taiwan
Slovenia,Turkey
Slovenia,Czech Republic
Slovenia,Serbia
Slovenia,Bosnia and Herzegovina
Slovenia,Macedonia
Slovenia,Russia
Slovenia,Montenegro
Slovenia,Austria
Slovenia,Switzerland
Czech Republic,Russia
Czech Republic,Belarus
Czech Republic,Latvia
Czech Republic,Slovakia
Czech Republic,United Arab Emirates
Czech Republic,Uzbekistan
Czech Republic,Azerbaijan
Czech Republic,Serbia
Czech Republic,South Korea
Czech Republic,Malta
Czech Republic,Lithuania
Czech Republic,Switzerland
Czech Republic,Israel
Czech Republic,Kazakhstan
Czech Republic,Romania
Czech Republic,Armenia
Czech Republic,Ukraine
Czech Republic,Austria
Czech Republic,Turkey
Czech Republic,Portugal
Czech Republic,China
Czech Republic,Georgia
Czech Republic,Jordan
Czech Republic,Qatar
Czech Republic,Lebanon
Czech Republic,United States
Israel,Georgia
Israel,United States
Israel,Belarus
Israel,Latvia
Israel,China
Israel,Austria
Israel,Uzbekistan
Israel,Jordan
Israel,Azerbaijan
Israel,Serbia
Israel,South Korea
Israel,Switzerland
Israel,Thailand
Israel,India
Israel,Russia
Israel,Hong Kong
Israel,Ukraine
Israel,Romania
Israel,Turkey
Israel,Lithuania
Israel,Moldova
Israel,Malta
Israel,Brazil
Israel,Portugal
Israel,Armenia
Malta,Austria
Malta,Latvia
Malta,United Arab Emirates
Malta,Lithuania
Malta,Russia
Malta,Switzerland
Malta,Turkey
Malta,Jordan
Malta,Slovakia
Malta,Serbia
Malta,Portugal
Malta,Ukraine
Malta,Qatar
Malta,Romania
Malta,Macedonia
Austria,Switzerland
Austria,Georgia
Austria,Jordan
Austria,Portugal
Austria,India
Austria,Belarus
Austria,Thailand
Austria,Latvia
Austria,China
Austria,Taiwan
Austria,United Arab Emirates
Austria,Turkey
Austria,Russia
Austria,Iran
Austria,Azerbaijan
Austria,Serbia
Austria,Kazakhstan
Austria,South Korea
Austria,Japan
Austria,Romania
Austria,Ukraine
Austria,Iraq
Austria,Armenia
Austria,United States
Austria,Moldova
Austria,Slovakia
Austria,Bosnia and Herzegovina
Austria,Macedonia
Austria,Montenegro
Austria,Lithuania
Austria,Qatar
Austria,Saudi Arabia
Austria,Maldives
Portugal,Moldova
Portugal,Switzerland
Portugal,United States
Portugal,United Arab Emirates
Portugal,Ukraine
Portugal,Russia
Portugal,Turkey
Portugal,Brazil
Portugal,Venezuela
Portugal,Romania
Portugal,Qatar
Portugal,Lithuania
Portugal,South Korea
Bosnia and Herzegovina,Serbia
Bosnia and Herzegovina,Switzerland
Bosnia and Herzegovina,Turkey
Bosnia and Herzegovina,United Arab Emirates
Bosnia and Herzegovina,Qatar
Romania,Moldova
Romania,United Arab Emirates
Romania,Serbia
Romania,Switzerland
Romania,Lebanon
Romania,Turkey
Romania,Qatar
Romania,Jordan
Romania,Russia
Romania,Ukraine
Romania,Armenia
Romania,Georgia
Switzerland,Turkey
Switzerland,Serbia
Switzerland,Macedonia
Switzerland,United States
Switzerland,India
Switzerland,Belarus
Switzerland,Latvia
Switzerland,China
Switzerland,Qatar
Switzerland,United Arab Emirates
Switzerland,South Korea
Switzerland,Thailand
Switzerland,Russia
Switzerland,Brazil
Switzerland,Cuba
Switzerland,Hong Kong
Switzerland,Ukraine
Switzerland,Japan
Switzerland,Dominican Republic
Switzerland,Singapore
Switzerland,Lebanon
Switzerland,Jordan
Switzerland,Saudi Arabia
Switzerland,Oman
Switzerland,Montenegro
Switzerland,Moldova
Switzerland,Azerbaijan
Switzerland,Kuwait
Switzerland,Argentina
Switzerland,Costa Rica
Switzerland,Maldives
Switzerland,Mexico
Switzerland,Slovakia
Turkey,Tajikistan
Turkey,Russia
Turkey,Ukraine
Turkey,Moldova
Turkey,Saudi Arabia
Turkey,India
Turkey,Belarus
Turkey,Latvia
Turkey,China
Turkey,United Arab Emirates
Turkey,Iran
Turkey,Afghanistan
Turkey,Singapore
Turkey,Bahrain
Turkey,Uzbekistan
Turkey,Azerbaijan
Turkey,Kuwait
Turkey,Serbia
Turkey,Kazakhstan
Turkey,South Korea
Turkey,Iraq
Turkey,Georgia
Turkey,Lebanon
Turkey,Malaysia
Turkey,Japan
Turkey,Qatar
Turkey,Kyrgyzstan
Turkey,Macedonia
Turkey,Jordan
Turkey,Turkmenistan
Turkey,Thailand
Turkey,Yemen
Turkey,Bangladesh
Turkey,Brazil
Turkey,Hong Kong
Turkey,United States
Turkey,Pakistan
Turkey,Djibouti
Turkey,Nepal
Turkey,Oman
Turkey,Maldives
Turkey,Montenegro
Turkey,Lithuania
Turkey,Armenia
Turkey,Eritrea
Turkey,Colombia
Turkey,Venezuela
Turkey,Indonesia
Turkey,Vietnam
Turkey,Cuba
Turkey,Slovakia
Turkey,Philippines
Turkey,Panama
Turkey,Taiwan
Turkey,Mexico
Moldova,Russia
Moldova,Ukraine
Moldova,Latvia
Moldova,United Arab Emirates
Moldova,Belarus
Macedonia,United Arab Emirates
Macedonia,Serbia
Macedonia,Qatar
Macedonia,Slovakia
Serbia,United Arab Emirates
Serbia,Russia
Serbia,Montenegro
Serbia,Belarus
Serbia,Slovakia
Serbia,Lebanon
Serbia,United States
Serbia,Qatar
Montenegro,Russia
Slovakia,Russia
Slovakia,Ukraine
Slovakia,United Arab Emirates
Turks and Caicos Islands,United States
Turks and Caicos Islands,Bahamas
Turks and Caicos Islands,Haiti
Turks and Caicos Islands,Jamaica
Turks and Caicos Islands,Dominican Republic
Turks and Caicos Islands,Puerto Rico
Turks and Caicos Islands,Antigua and Barbuda
Dominican Republic,Netherlands Antilles
Dominican Republic,Martinique
Dominican Republic,Guadeloupe
Dominican Republic,Argentina
Dominican Republic,United States
Dominican Republic,Aruba
Dominican Republic,Colombia
Dominican Republic,Peru
Dominican Republic,Puerto Rico
Dominican Republic,Antigua and Barbuda
Dominican Republic,Panama
Dominican Republic,Cuba
Dominican Republic,Costa Rica
Dominican Republic,Brazil
Dominican Republic,Venezuela
Dominican Republic,Jamaica
Dominican Republic,Chile
Dominican Republic,Haiti
Dominican Republic,Russia
Dominican Republic,Mexico
Dominican Republic,British Virgin Islands
Dominican Republic,Bahamas
Dominican Republic,Barbados
Guatemala,Mexico
Guatemala,Belize
Guatemala,Honduras
Guatemala,United States
Guatemala,Colombia
Guatemala,El Salvador
Guatemala,Costa Rica
Guatemala,Nicaragua
Guatemala,Panama
Honduras,Belize
Honduras,United States
Honduras,Mexico
Honduras,El Salvador
Honduras,Costa Rica
Honduras,Panama
Honduras,Cayman Islands
Jamaica,Netherlands Antilles
Jamaica,United States
Jamaica,Antigua and Barbuda
Jamaica,Barbados
Jamaica,Bahamas
Jamaica,Trinidad and Tobago
Jamaica,Panama
Jamaica,Cuba
Jamaica,Cayman Islands
Jamaica,Guyana
Jamaica,Peru
Mexico,Colombia
Mexico,United States
Mexico,Cuba
Mexico,Costa Rica
Mexico,Belize
Mexico,Venezuela
Mexico,Panama
Mexico,Argentina
Mexico,Brazil
Mexico,Peru
Mexico,El Salvador
Mexico,Chile
Mexico,Ecuador
Mexico,Japan
Mexico,China
Mexico,Russia
Mexico,Australia
Mexico,South Korea
Mexico,Nicaragua
Nicaragua,Costa Rica
Nicaragua,United States
Nicaragua,Panama
Nicaragua,El Salvador
Nicaragua,Venezuela
Panama,Costa Rica
Panama,Venezuela
Panama,United States
Panama,Haiti
Panama,Trinidad and Tobago
Panama,Colombia
Panama,El Salvador
Panama,Paraguay
Panama,Aruba
Panama,Brazil
Panama,Argentina
Panama,Netherlands Antilles
Panama,Ecuador
Panama,Cuba
Panama,Peru
Panama,Uruguay
Panama,Bahamas
Panama,Chile
Panama,Puerto Rico
Panama,Bolivia
Panama,Barbados
Panama,Belize
Panama,Guyana
Panama,Suriname
Costa Rica,United States
Costa Rica,Colombia
Costa Rica,Peru
Costa Rica,El Salvador
El Salvador,United States
El Salvador,Colombia
El Salvador,Belize
El Salvador,Ecuador
El Salvador,Peru
El Salvador,Cuba
Haiti,Netherlands Antilles
Haiti,United States
Haiti,Guadeloupe
Haiti,Cuba
Haiti,Bahamas
Cuba,Colombia
Cuba,Venezuela
Cuba,Argentina
Cuba,Martinique
Cuba,Bahamas
Cuba,Russia
Cuba,Ecuador
Cuba,Cayman Islands
Cuba,Peru
Cuba,Suriname
Cuba,United States
Cuba,Trinidad and Tobago
Cuba,Guadeloupe
Cayman Islands,United States
Cayman Islands,Bahamas
Bahamas,United States
Bahamas,Saint Kitts and Nevis
Belize,United States
Cook Islands,French Polynesia
Cook Islands,New Zealand
Cook Islands,United States
Cook Islands,Australia
Fiji,United States
Fiji,Hong Kong
Fiji,New Zealand
Fiji,Samoa
Fiji,Australia
Fiji,Kiribati
Fiji,Tuvalu
Fiji,Tonga
Fiji,Vanuatu
Fiji,Solomon Islands
Fiji,South Korea
Fiji,New Caledonia
Fiji,Wallis and Futuna
Fiji,Japan
Fiji,Singapore
Fiji,Nauru
Tonga,New Zealand
Tonga,Australia
Kiribati,United States
Kiribati,Nauru
Kiribati,Marshall Islands
Kiribati,Solomon Islands
Wallis and Futuna,New Caledonia
Samoa,United States
Samoa,New Zealand
Samoa,Australia
American Samoa,United States
French Polynesia,New Zealand
French Polynesia,United States
French Polynesia,Japan
French Polynesia,Chile
French Polynesia,New Caledonia
Vanuatu,Solomon Islands
Vanuatu,New Zealand
Vanuatu,Australia
Vanuatu,New Caledonia
New Caledonia,New Zealand
New Caledonia,Australia
New Caledonia,Japan
New Zealand,Australia
New Zealand,China
New Zealand,Hong Kong
New Zealand,Singapore
New Zealand,United States
New Zealand,South Korea
New Zealand,Chile
New Zealand,Malaysia
New Zealand,Japan
New Zealand,Niue
New Zealand,Norfolk Island
New Zealand,Thailand
New Zealand,United Arab Emirates
New Zealand,Argentina
New Zealand,Taiwan
New Zealand,Philippines
New Zealand,Qatar
Afghanistan,India
Afghanistan,United Arab Emirates
Afghanistan,Pakistan
Afghanistan,Iran
Afghanistan,Azerbaijan
Afghanistan,Kuwait
Afghanistan,Tajikistan
Afghanistan,China
Afghanistan,Saudi Arabia
Afghanistan,Russia
Afghanistan,Uzbekistan
Bahrain,India
Bahrain,Qatar
Bahrain,United Arab Emirates
Bahrain,Jordan
Bahrain,Lebanon
Bahrain,Iraq
Bahrain,Thailand
Bahrain,Saudi Arabia
Bahrain,Iran
Bahrain,Pakistan
Bahrain,Kuwait
Bahrain,Oman
Bahrain,Philippines
Bahrain,Yemen
Bahrain,Sri Lanka
Bahrain,Bangladesh
Bahrain,Russia
Bahrain,Azerbaijan
Bahrain,Georgia
Bahrain,Syria
Bahrain,Cambodia
Saudi Arabia,Djibouti
Saudi Arabia,Bangladesh
Saudi Arabia,United Arab Emirates
Saudi Arabia,India
Saudi Arabia,Kuwait
Saudi Arabia,Brunei
Saudi Arabia,Hong Kong
Saudi Arabia,Malaysia
Saudi Arabia,Yemen
Saudi Arabia,Indonesia
Saudi Arabia,Iran
Saudi Arabia,South Korea
Saudi Arabia,Lebanon
Saudi Arabia,Qatar
Saudi Arabia,Sri Lanka
Saudi Arabia,Pakistan
Saudi Arabia,Philippines
Saudi Arabia,Jordan
Saudi Arabia,Singapore
Saudi Arabia,China
Saudi Arabia,United States
Saudi Arabia,Oman
Saudi Arabia,Eritrea
Saudi Arabia,Nepal
Saudi Arabia,Iraq
Saudi Arabia,Maldives
Saudi Arabia,Georgia
Saudi Arabia,Azerbaijan
Iran,Tajikistan
Iran,Belarus
Iran,China
Iran,United Arab Emirates
Iran,Kuwait
Iran,Armenia
Iran,Iraq
Iran,Oman
Iran,Lebanon
Iran,India
Iran,Qatar
Iran,Azerbaijan
Iran,Pakistan
Iran,Malaysia
Iran,Uzbekistan
Iran,Russia
Iran,Kazakhstan
Iran,Thailand
Iran,Syria
Iran,Georgia
Iran,Ukraine
Iran,Hong Kong
Jordan,United States
Jordan,United Arab Emirates
Jordan,Yemen
Jordan,Lebanon
Jordan,Kuwait
Jordan,Thailand
Jordan,Qatar
Jordan,Iraq
Jordan,India
Jordan,Russia
Jordan,Ukraine
Jordan,Oman
Jordan,Georgia
Jordan,Lithuania
Kuwait,United Arab Emirates
Kuwait,India
Kuwait,Bangladesh
Kuwait,Qatar
Kuwait,Yemen
Kuwait,Lebanon
Kuwait,Iraq
Kuwait,Thailand
Kuwait,Sri Lanka
Kuwait,Pakistan
Kuwait,United States
Kuwait,Malaysia
Kuwait,Oman
Kuwait,Syria
Kuwait,Azerbaijan
Kuwait,Georgia
Kuwait,Philippines
Lebanon,Belarus
Lebanon,United Arab Emirates
Lebanon,Yemen
Lebanon,Iraq
Lebanon,Qatar
Lebanon,Armenia
Lebanon,Russia
Lebanon,Oman
United Arab Emirates,Philippines
United Arab Emirates,Djibouti
United Arab Emirates,Bangladesh
United Arab Emirates,India
United Arab Emirates,Tajikistan
United Arab Emirates,Sri Lanka
United Arab Emirates,United States
United Arab Emirates,Pakistan
United Arab Emirates,Oman
United Arab Emirates,Thailand
United Arab Emirates,China
United Arab Emirates,Singapore
United Arab Emirates,Indonesia
United Arab Emirates,Malaysia
United Arab Emirates,Australia
United Arab Emirates,Maldives
United Arab Emirates,Belarus
United Arab Emirates,Qatar
United Arab Emirates,Brunei
United Arab Emirates,Hong Kong
United Arab Emirates,Iraq
United Arab Emirates,Russia
United Arab Emirates,Brazil
United Arab Emirates,Japan
United Arab Emirates,South Korea
United Arab Emirates,Ukraine
United Arab Emirates,Yemen
United Arab Emirates,Vietnam
United Arab Emirates,Taiwan
United Arab Emirates,Kazakhstan
United Arab Emirates,Nepal
United Arab Emirates,Turkmenistan
United Arab Emirates,Armenia
United Arab Emirates,Kyrgyzstan
United Arab Emirates,Azerbaijan
United Arab Emirates,Georgia
United Arab Emirates,Uzbekistan
United Arab Emirates,Syria
United Arab Emirates,Latvia
United Arab Emirates,Eritrea
United Arab Emirates,Burma
Oman,Bangladesh
Oman,India
Oman,Qatar
Oman,Malaysia
Oman,Sri Lanka
Oman,Pakistan
Oman,Thailand
Oman,Nepal
Oman,Maldives
Oman,Syria
Oman,China
Oman,Indonesia
Oman,Russia
Oman,Philippines
Oman,Vietnam
Pakistan,China
Pakistan,Thailand
Pakistan,Sri Lanka
Pakistan,India
Pakistan,Bangladesh
Pakistan,Qatar
Pakistan,United States
Pakistan,Nepal
Pakistan,Malaysia
Pakistan,Uzbekistan
Pakistan,Iraq
Iraq,Qatar
Iraq,Georgia
Iraq,Syria
Iraq,India
Iraq,China
Iraq,Azerbaijan
Iraq,Ukraine
Iraq,Malaysia
Iraq,Belarus
Iraq,Russia
Iraq,Armenia
Syria,Armenia
Syria,Qatar
Qatar,India
Qatar,United States
Qatar,Bangladesh
Qatar,Hong Kong
Qatar,Yemen
Qatar,Azerbaijan
Qatar,Japan
Qatar,Malaysia
Qatar,South Korea
Qatar,Philippines
Qatar,Thailand
Qatar,China
Qatar,Indonesia
Qatar,Sri Lanka
Qatar,Russia
Qatar,Brazil
Qatar,Nepal
Qatar,Australia
Qatar,Maldives
Qatar,Burma
Qatar,Vietnam
Qatar,Singapore
Qatar,Armenia
Qatar,Djibouti
Qatar,Ukraine
Qatar,Georgia
Qatar,Namibia
Qatar,Macau
Qatar,Cambodia
Qatar,Kazakhstan
Northern Mariana Islands,China
Northern Mariana Islands,Japan
Northern Mariana Islands,South Korea
Northern Mariana Islands,Guam
Northern Mariana Islands,Hong Kong
Guam,South Korea
Guam,Taiwan
Guam,Japan
Guam,Philippines
Guam,Australia
Guam,Hong Kong
Guam,United States
Guam,Palau
Guam,Micronesia
Guam,China
Marshall Islands,Nauru
Marshall Islands,United States
Marshall Islands,Micronesia
Micronesia,Palau
Palau,Japan
Palau,Taiwan
Palau,South Korea
Palau,Philippines
Palau,Macau
Taiwan,Japan
Taiwan,Singapore
Taiwan,China
Taiwan,Philippines
Taiwan,Vietnam
Taiwan,Hong Kong
Taiwan,South Korea
Taiwan,Malaysia
Taiwan,India
Taiwan,Thailand
Taiwan,Australia
Taiwan,Indonesia
Taiwan,United States
Taiwan,Macau
Taiwan,Cambodia
Taiwan,Burma
Taiwan,Brunei
Japan,Philippines
Japan,South Korea
Japan,China
Japan,India
Japan,Thailand
Japan,United States
Japan,Vietnam
Japan,Hong Kong
Japan,Malaysia
Japan,Singapore
Japan,Indonesia
Japan,Uzbekistan
Japan,Russia
Japan,Australia
Japan,Macau
Japan,Burma
Japan,Mongolia
Japan,Sri Lanka
Japan,Brunei
Japan,Kazakhstan
Japan,Cambodia
South Korea,China
South Korea,Philippines
South Korea,Thailand
South Korea,Hong Kong
South Korea,Burma
South Korea,United States
South Korea,India
South Korea,Singapore
South Korea,Macau
South Korea,Cambodia
South Korea,Malaysia
South Korea,Indonesia
South Korea,Uzbekistan
South Korea,Russia
South Korea,Kazakhstan
South Korea,Australia
South Korea,Sri Lanka
South Korea,Vietnam
South Korea,Nepal
South Korea,Mongolia
South Korea,Laos
South Korea,Brunei
Philippines,Singapore
Philippines,Malaysia
Philippines,Thailand
Philippines,Brunei
Philippines,China
Philippines,Hong Kong
Philippines,Indonesia
Philippines,Macau
Philippines,Vietnam
Philippines,Cambodia
Philippines,Australia
Philippines,United States
Argentina,United States
Argentina,Uruguay
Argentina,Chile
Argentina,Paraguay
Argentina,Brazil
Argentina,Colombia
Argentina,Venezuela
Argentina,Peru
Argentina,Bolivia
Argentina,Ecuador
Brazil,Uruguay
Brazil,United States
Brazil,Colombia
Brazil,Peru
Brazil,Ecuador
Brazil,Paraguay
Brazil,Barbados
Brazil,Venezuela
Brazil,Bolivia
Brazil,Chile
Brazil,French Guiana
Brazil,Suriname
Chile,Uruguay
Chile,United States
Chile,Peru
Chile,Colombia
Chile,Bolivia
Chile,Paraguay
Chile,Venezuela
Chile,Ecuador
Chile,Australia
Ecuador,Colombia
Ecuador,United States
Ecuador,Peru
Ecuador,Venezuela
Paraguay,Uruguay
Paraguay,United States
Paraguay,Peru
Paraguay,Bolivia
Colombia,Netherlands Antilles
Colombia,United States
Colombia,Aruba
Colombia,Venezuela
Colombia,Peru
Colombia,Bolivia
Colombia,Puerto Rico
Colombia,Uruguay
Bolivia,United States
Bolivia,Peru
Suriname,Netherlands Antilles
Suriname,Trinidad and Tobago
Suriname,Aruba
Suriname,French Guiana
Suriname,Guyana
French Guiana,Martinique
Peru,United States
Peru,Venezuela
Peru,Uruguay
Uruguay,United States
Venezuela,Aruba
Venezuela,Netherlands Antilles
Venezuela,United States
Venezuela,Puerto Rico
Venezuela,Trinidad and Tobago
Venezuela,Guyana
Venezuela,Grenada
Guyana,United States
Guyana,Trinidad and Tobago
Guyana,Barbados
Guyana,Puerto Rico
Antigua and Barbuda,Guadeloupe
Antigua and Barbuda,Saint Kitts and Nevis
Antigua and Barbuda,United States
Antigua and Barbuda,Trinidad and Tobago
Antigua and Barbuda,Barbados
Antigua and Barbuda,Anguilla
Antigua and Barbuda,Dominica
Antigua and Barbuda,Puerto Rico
Antigua and Barbuda,Saint Lucia
Antigua and Barbuda,Netherlands Antilles
Antigua and Barbuda,Montserrat
Antigua and Barbuda,British Virgin Islands
Antigua and Barbuda,Virgin Islands
Antigua and Barbuda,Grenada
Barbados,United States
Barbados,Trinidad and Tobago
Barbados,Netherlands Antilles
Barbados,Saint Lucia
Barbados,Dominica
Barbados,Martinique
Barbados,Grenada
Barbados,Saint Vincent and the Grenadines
Barbados,Guadeloupe
Dominica,Guadeloupe
Dominica,Netherlands Antilles
Dominica,Puerto Rico
Dominica,Saint Vincent and the Grenadines
Dominica,Saint Lucia
Dominica,British Virgin Islands
Dominica,Virgin Islands
Martinique,Guadeloupe
Martinique,Saint Lucia
Martinique,United States
Martinique,Puerto Rico
Guadeloupe,Netherlands Antilles
Guadeloupe,United States
Guadeloupe,Puerto Rico
Grenada,United States
Grenada,Saint Lucia
Grenada,Trinidad and Tobago
Grenada,Saint Vincent and the Grenadines
Virgin Islands,British Virgin Islands
Virgin Islands,Puerto Rico
Virgin Islands,United States
Virgin Islands,Anguilla
Virgin Islands,Netherlands Antilles
Virgin Islands,Saint Kitts and Nevis
Puerto Rico,Anguilla
Puerto Rico,British Virgin Islands
Puerto Rico,Saint Kitts and Nevis
Puerto Rico,United States
Puerto Rico,Netherlands Antilles
Saint Kitts and Nevis,United States
Saint Kitts and Nevis,Netherlands Antilles
Saint Kitts and Nevis,British Virgin Islands
Saint Lucia,United States
Saint Lucia,Trinidad and Tobago
Saint Lucia,Saint Vincent and the Grenadines
Saint Lucia,Netherlands Antilles
Aruba,Netherlands Antilles
Aruba,United States
Netherlands Antilles,United States
Netherlands Antilles,Trinidad and Tobago
Netherlands Antilles,British Virgin Islands
Netherlands Antilles,Anguilla
Trinidad and Tobago,United States
Trinidad and Tobago,Saint Vincent and the Grenadines
Saint Vincent and the Grenadines,United States
Kazakhstan,Tajikistan
Kazakhstan,Russia
Kazakhstan,Belarus
Kazakhstan,China
Kazakhstan,Armenia
Kazakhstan,Azerbaijan
Kazakhstan,Georgia
Kazakhstan,Uzbekistan
Kazakhstan,Thailand
Kazakhstan,India
Kazakhstan,Kyrgyzstan
Kazakhstan,Hong Kong
Kazakhstan,Ukraine
Kazakhstan,Malaysia
Kazakhstan,Vietnam
Kazakhstan,Lithuania
Kazakhstan,Mongolia
Kazakhstan,Turkmenistan
Kyrgyzstan,Tajikistan
Kyrgyzstan,Russia
Kyrgyzstan,China
Kyrgyzstan,Uzbekistan
Kyrgyzstan,Mongolia
Azerbaijan,Russia
Azerbaijan,Belarus
Azerbaijan,Latvia
Azerbaijan,China
Azerbaijan,Uzbekistan
Azerbaijan,Ukraine
Azerbaijan,Georgia
Azerbaijan,Turkmenistan
Azerbaijan,India
Azerbaijan,United States
Russia,Uzbekistan
Russia,Armenia
Russia,Tajikistan
Russia,Georgia
Russia,Belarus
Russia,Latvia
Russia,China
Russia,Thailand
Russia,Hong Kong
Russia,United States
Russia,North Korea
Russia,Ukraine
Russia,Mongolia
Russia,Turkmenistan
Russia,Singapore
Russia,India
Russia,Vietnam
Russia,Maldives
Russia,Lithuania
Russia,Sri Lanka
Russia,Indonesia
Ukraine,Belarus
Ukraine,Latvia
Ukraine,Uzbekistan
Ukraine,Georgia
Ukraine,Thailand
Ukraine,Armenia
Ukraine,United States
Ukraine,Lithuania
Ukraine,Sri Lanka
Ukraine,India
Ukraine,China
Belarus,Turkmenistan
Belarus,Georgia
Belarus,Armenia
Belarus,Latvia
Belarus,Lithuania
Belarus,China
Belarus,Uzbekistan
Turkmenistan,China
Turkmenistan,India
Turkmenistan,Thailand
Turkmenistan,Malaysia
Turkmenistan,Bangladesh
Tajikistan,India
Tajikistan,China
Tajikistan,Uzbekistan
Uzbekistan,Latvia
Uzbekistan,China
Uzbekistan,India
Uzbekistan,Thailand
Uzbekistan,Malaysia
Uzbekistan,Singapore
Uzbekistan,Indonesia
Uzbekistan,United States
Uzbekistan,Georgia
India,Bangladesh
India,Thailand
India,Nepal
India,Singapore
India,Malaysia
India,Sri Lanka
India,Hong Kong
India,United States
India,Burma
India,Australia
India,China
India,Maldives
India,Yemen
India,Bhutan
India,Vietnam
India,Indonesia
India,Cambodia
Sri Lanka,Maldives
Sri Lanka,Thailand
Sri Lanka,Singapore
Sri Lanka,Malaysia
Sri Lanka,Indonesia
Sri Lanka,Bangladesh
Sri Lanka,China
Sri Lanka,Hong Kong
Sri Lanka,Australia
Sri Lanka,Vietnam
Cambodia,Singapore
Cambodia,Burma
Cambodia,China
Cambodia,Vietnam
Cambodia,Malaysia
Cambodia,Thailand
Cambodia,Hong Kong
Cambodia,Laos
Cambodia,Macau
Cambodia,Indonesia
Bangladesh,Thailand
Bangladesh,Nepal
Bangladesh,Malaysia
Bangladesh,Hong Kong
Bangladesh,Burma
Bangladesh,Singapore
Bangladesh,China
Bangladesh,Bhutan
Bangladesh,Vietnam
Hong Kong,Singapore
Hong Kong,China
Hong Kong,United States
Hong Kong,Malaysia
Hong Kong,Australia
Hong Kong,Brunei
Hong Kong,Indonesia
Hong Kong,Thailand
Hong Kong,Vietnam
Hong Kong,Maldives
Hong Kong,Burma
Hong Kong,Mongolia
Hong Kong,Nepal
Laos,Thailand
Laos,Malaysia
Laos,China
Laos,Vietnam
Laos,Singapore
Macau,China
Macau,Malaysia
Macau,Thailand
Macau,Vietnam
Macau,Singapore
Macau,North Korea
Nepal,China
Nepal,Malaysia
Nepal,Bhutan
Nepal,Singapore
Nepal,Thailand
Bhutan,Thailand
Maldives,China
Maldives,Malaysia
Maldives,Thailand
Maldives,Singapore
Thailand,Singapore
Thailand,China
Thailand,Burma
Thailand,Malaysia
Thailand,Brunei
Thailand,Australia
Thailand,Indonesia
Thailand,Vietnam
Thailand,Mongolia
Vietnam,Singapore
Vietnam,China
Vietnam,Malaysia
Vietnam,Australia
Vietnam,Indonesia
Vietnam,Burma
Vietnam,Brunei
Burma,Singapore
Burma,China
Burma,Malaysia
Burma,Myanmar
Indonesia,Malaysia
Indonesia,Brunei
Indonesia,China
Indonesia,Singapore
Indonesia,Australia
Indonesia,East Timor
Indonesia,United States
Malaysia,Singapore
Malaysia,China
Malaysia,Brunei
Malaysia,Australia
Malaysia,North Korea
Brunei,Australia
Brunei,China
Brunei,Singapore
East Timor,Singapore
East Timor,Australia
Singapore,Australia
Singapore,China
Singapore,United States
Australia,China
Australia,United States
Australia,Solomon Islands
Australia,Norfolk Island
Australia,Nauru
Australia,Christmas Island
Australia,Cocos (Keeling) Islands
Christmas Island,Cocos (Keeling) Islands
China,United States
China,North Korea
China,Mongolia
China,Georgia
United States,Bermuda
United States,Latvia
Latvia,Georgia
Latvia,Lithuania
Lithuania,Georgia
Armenia,Georgia
Eritrea,Yemen
Yemen,Djibouti
Solomon Islands,Nauru
